"","Package","LibPath","Version","Priority","Depends","Imports","LinkingTo","Suggests","Enhances","License","License_is_FOSS","License_restricts_use","OS_type","MD5sum","NeedsCompilation","Built"
"abind","abind","C:/Users/JR13/Documents/LOCAL_NOT_ONEDRIVE/GA_MSE_HR/renv/library/R-4.2/x86_64-w64-mingw32","1.4-5",NA,"R (>= 1.5.0)","methods, utils",NA,NA,NA,"LGPL (>= 2)",NA,NA,NA,NA,"no","4.2.0"
"akima","akima","C:/Users/JR13/Documents/LOCAL_NOT_ONEDRIVE/GA_MSE_HR/renv/library/R-4.2/x86_64-w64-mingw32","0.6-3.4",NA,"R (>= 2.0.0)","sp",NA,NA,"tripack","ACM | file LICENSE",NA,"yes",NA,NA,"yes","4.2.3"
"askpass","askpass","C:/Users/JR13/Documents/LOCAL_NOT_ONEDRIVE/GA_MSE_HR/renv/library/R-4.2/x86_64-w64-mingw32","1.2.0",NA,NA,"sys (>= 2.1)",NA,"testthat",NA,"MIT + file LICENSE",NA,NA,NA,NA,"yes","4.2.3"
"backports","backports","C:/Users/JR13/Documents/LOCAL_NOT_ONEDRIVE/GA_MSE_HR/renv/library/R-4.2/x86_64-w64-mingw32","1.4.1",NA,"R (>= 3.0.0)",NA,NA,NA,NA,"GPL-2 | GPL-3",NA,NA,NA,NA,"yes","4.2.0"
"base64enc","base64enc","C:/Users/JR13/Documents/LOCAL_NOT_ONEDRIVE/GA_MSE_HR/renv/library/R-4.2/x86_64-w64-mingw32","0.1-3",NA,"R (>= 2.9.0)",NA,NA,NA,"png","GPL-2 | GPL-3",NA,NA,NA,NA,"yes","4.2.0"
"brew","brew","C:/Users/JR13/Documents/LOCAL_NOT_ONEDRIVE/GA_MSE_HR/renv/library/R-4.2/x86_64-w64-mingw32","1.0-8",NA,NA,NA,NA,"testthat (>= 3.0.0)",NA,"GPL-2",NA,NA,NA,NA,"no","4.2.3"
"brio","brio","C:/Users/JR13/Documents/LOCAL_NOT_ONEDRIVE/GA_MSE_HR/renv/library/R-4.2/x86_64-w64-mingw32","1.1.3",NA,NA,NA,NA,"covr, testthat (>= 2.1.0)",NA,"MIT + file LICENSE",NA,NA,NA,NA,"yes","4.2.3"
"broom","broom","C:/Users/JR13/Documents/LOCAL_NOT_ONEDRIVE/GA_MSE_HR/renv/library/R-4.2/x86_64-w64-mingw32","1.0.5",NA,"R (>= 3.5)","backports, dplyr (>= 1.0.0), ellipsis, generics (>= 0.0.2),
glue, lifecycle, purrr, rlang, stringr, tibble (>= 3.0.0),
tidyr (>= 1.0.0)",NA,"AER, AUC, bbmle, betareg, biglm, binGroup, boot, btergm (>=
1.10.6), car, carData, caret, cluster, cmprsk, coda, covr, drc,
e1071, emmeans, epiR, ergm (>= 3.10.4), fixest (>= 0.9.0), gam
(>= 1.15), gee, geepack, ggplot2, glmnet, glmnetUtils, gmm,
Hmisc, irlba, interp, joineRML, Kendall, knitr, ks, Lahman,
lavaan, leaps, lfe, lm.beta, lme4, lmodel2, lmtest (>= 0.9.38),
lsmeans, maps, margins, MASS, mclust, mediation, metafor, mfx,
mgcv, mlogit, modeldata, modeltests, muhaz, multcomp, network,
nnet, orcutt (>= 2.2), ordinal, plm, poLCA, psych, quantreg,
rmarkdown, robust, robustbase, rsample, sandwich, sp, spdep (>=
1.1), spatialreg, speedglm, spelling, survey, survival,
systemfit, testthat (>= 2.1.0), tseries, vars, zoo",NA,"MIT + file LICENSE",NA,NA,NA,NA,"no","4.2.3"
"bslib","bslib","C:/Users/JR13/Documents/LOCAL_NOT_ONEDRIVE/GA_MSE_HR/renv/library/R-4.2/x86_64-w64-mingw32","0.5.0",NA,"R (>= 2.10)","base64enc, cachem, grDevices, htmltools (>= 0.5.4), jquerylib
(>= 0.1.3), jsonlite, memoise (>= 2.0.1), mime, rlang, sass (>=
0.4.0)",NA,"bsicons, curl, fontawesome, ggplot2, knitr, magrittr,
rappdirs, rmarkdown (>= 2.7), shiny (>= 1.6.0), testthat,
thematic, withr",NA,"MIT + file LICENSE",NA,NA,NA,NA,"no","4.2.3"
"cachem","cachem","C:/Users/JR13/Documents/LOCAL_NOT_ONEDRIVE/GA_MSE_HR/renv/library/R-4.2/x86_64-w64-mingw32","1.0.8",NA,NA,"rlang, fastmap (>= 1.1.1)",NA,"testthat",NA,"MIT + file LICENSE",NA,NA,NA,NA,"yes","4.2.3"
"callr","callr","C:/Users/JR13/Documents/LOCAL_NOT_ONEDRIVE/GA_MSE_HR/renv/library/R-4.2/x86_64-w64-mingw32","3.7.3",NA,"R (>= 3.4)","processx (>= 3.6.1), R6, utils",NA,"asciicast, cli (>= 1.1.0), covr, mockery, ps, rprojroot,
spelling, testthat (>= 3.0.0), withr (>= 2.3.0)",NA,"MIT + file LICENSE",NA,NA,NA,NA,"no","4.2.3"
"car","car","C:/Users/JR13/Documents/LOCAL_NOT_ONEDRIVE/GA_MSE_HR/renv/library/R-4.2/x86_64-w64-mingw32","3.1-2",NA,"R (>= 3.5.0), carData (>= 3.0-0)","abind, MASS, mgcv, nnet, pbkrtest (>= 0.4-4), quantreg,
grDevices, utils, stats, graphics, lme4 (>= 1.1-27.1), nlme,
scales",NA,"alr4, boot, coxme, effects, knitr, leaps, lmtest, Matrix,
MatrixModels, mvtnorm, rgl (>= 0.111.3), rio, sandwich,
SparseM, survival, survey",NA,"GPL (>= 2)",NA,NA,NA,NA,"no","4.2.3"
"carData","carData","C:/Users/JR13/Documents/LOCAL_NOT_ONEDRIVE/GA_MSE_HR/renv/library/R-4.2/x86_64-w64-mingw32","3.0-5",NA,"R (>= 3.5.0)",NA,NA,"car (>= 3.0-0)",NA,"GPL (>= 2)",NA,NA,NA,NA,"no","4.2.3"
"cli","cli","C:/Users/JR13/Documents/LOCAL_NOT_ONEDRIVE/GA_MSE_HR/renv/library/R-4.2/x86_64-w64-mingw32","3.6.1",NA,"R (>= 3.4)","utils",NA,"callr, covr, crayon, digest, glue (>= 1.6.0), grDevices,
htmltools, htmlwidgets, knitr, methods, mockery, processx, ps
(>= 1.3.4.9000), rlang (>= 1.0.2.9003), rmarkdown, rprojroot,
rstudioapi, testthat, tibble, whoami, withr",NA,"MIT + file LICENSE",NA,NA,NA,NA,"yes","4.2.3"
"clipr","clipr","C:/Users/JR13/Documents/LOCAL_NOT_ONEDRIVE/GA_MSE_HR/renv/library/R-4.2/x86_64-w64-mingw32","0.8.0",NA,NA,"utils",NA,"covr, knitr, rmarkdown, rstudioapi (>= 0.5), testthat (>=
2.0.0)",NA,"GPL-3",NA,NA,NA,NA,"no","4.2.3"
"codetools","codetools","C:/Users/JR13/Documents/LOCAL_NOT_ONEDRIVE/GA_MSE_HR/renv/library/R-4.2/x86_64-w64-mingw32","0.2-19","recommended","R (>= 2.1)",NA,NA,NA,NA,"GPL",NA,NA,NA,NA,"no","4.2.2"
"colorspace","colorspace","C:/Users/JR13/Documents/LOCAL_NOT_ONEDRIVE/GA_MSE_HR/renv/library/R-4.2/x86_64-w64-mingw32","2.1-0",NA,"R (>= 3.0.0), methods","graphics, grDevices, stats",NA,"datasets, utils, KernSmooth, MASS, kernlab, mvtnorm, vcd,
tcltk, shiny, shinyjs, ggplot2, dplyr, scales, grid, png, jpeg,
knitr, rmarkdown, RColorBrewer, rcartocolor, scico, viridis,
wesanderson",NA,"BSD_3_clause + file LICENSE",NA,NA,NA,NA,"yes","4.2.3"
"commonmark","commonmark","C:/Users/JR13/Documents/LOCAL_NOT_ONEDRIVE/GA_MSE_HR/renv/library/R-4.2/x86_64-w64-mingw32","1.9.0",NA,NA,NA,NA,"curl, testthat, xml2",NA,"BSD_2_clause + file LICENSE",NA,NA,NA,NA,"yes","4.2.3"
"corrplot","corrplot","C:/Users/JR13/Documents/LOCAL_NOT_ONEDRIVE/GA_MSE_HR/renv/library/R-4.2/x86_64-w64-mingw32","0.92",NA,NA,NA,NA,"seriation, knitr, RColorBrewer, rmarkdown, magrittr,
prettydoc, testthat",NA,"MIT + file LICENSE",NA,NA,NA,NA,"no","4.2.3"
"cowplot","cowplot","C:/Users/JR13/Documents/LOCAL_NOT_ONEDRIVE/GA_MSE_HR/renv/library/R-4.2/x86_64-w64-mingw32","1.1.1",NA,"R (>= 3.5.0)","ggplot2 (> 2.2.1), grid, gtable, grDevices, methods, rlang,
scales",NA,"Cairo, covr, dplyr, forcats, gridGraphics (>= 0.4-0), knitr,
lattice, magick, maps, PASWR, patchwork, rmarkdown, ragg,
testthat (>= 1.0.0), tidyr, vdiffr (>= 0.3.0), VennDiagram",NA,"GPL-2",NA,NA,NA,NA,"no","4.2.3"
"cpp11","cpp11","C:/Users/JR13/Documents/LOCAL_NOT_ONEDRIVE/GA_MSE_HR/renv/library/R-4.2/x86_64-w64-mingw32","0.4.3",NA,NA,NA,NA,"bench, brio, callr, cli, covr, decor, desc, ggplot2, glue,
knitr, lobstr, mockery, progress, rmarkdown, scales, Rcpp,
testthat, tibble, utils, vctrs, withr",NA,"MIT + file LICENSE",NA,NA,NA,NA,"no","4.2.3"
"crayon","crayon","C:/Users/JR13/Documents/LOCAL_NOT_ONEDRIVE/GA_MSE_HR/renv/library/R-4.2/x86_64-w64-mingw32","1.5.2",NA,NA,"grDevices, methods, utils",NA,"mockery, rstudioapi, testthat, withr",NA,"MIT + file LICENSE",NA,NA,NA,NA,"no","4.2.3"
"credentials","credentials","C:/Users/JR13/Documents/LOCAL_NOT_ONEDRIVE/GA_MSE_HR/renv/library/R-4.2/x86_64-w64-mingw32","2.0.1",NA,NA,"openssl (>= 1.3), sys (>= 2.1), curl, jsonlite, askpass",NA,"testthat, knitr, rmarkdown",NA,"MIT + file LICENSE",NA,NA,NA,NA,"no","4.2.3"
"curl","curl","C:/Users/JR13/Documents/LOCAL_NOT_ONEDRIVE/GA_MSE_HR/renv/library/R-4.2/x86_64-w64-mingw32","5.1.0",NA,"R (>= 3.0.0)",NA,NA,"spelling, testthat (>= 1.0.0), knitr, jsonlite, rmarkdown,
magrittr, httpuv (>= 1.4.4), webutils",NA,"MIT + file LICENSE",NA,NA,NA,NA,"yes","4.2.3"
"data.table","data.table","C:/Users/JR13/Documents/LOCAL_NOT_ONEDRIVE/GA_MSE_HR/renv/library/R-4.2/x86_64-w64-mingw32","1.14.8",NA,"R (>= 3.1.0)","methods",NA,"bit64 (>= 4.0.0), bit (>= 4.0.4), curl, R.utils, xts,
nanotime, zoo (>= 1.8-1), yaml, knitr, rmarkdown",NA,"MPL-2.0 | file LICENSE",NA,NA,NA,NA,"yes","4.2.3"
"desc","desc","C:/Users/JR13/Documents/LOCAL_NOT_ONEDRIVE/GA_MSE_HR/renv/library/R-4.2/x86_64-w64-mingw32","1.4.2",NA,"R (>= 3.4)","cli, R6, rprojroot, utils",NA,"callr, covr, gh, spelling, testthat, whoami, withr",NA,"MIT + file LICENSE",NA,NA,NA,NA,"no","4.2.3"
"devtools","devtools","C:/Users/JR13/Documents/LOCAL_NOT_ONEDRIVE/GA_MSE_HR/renv/library/R-4.2/x86_64-w64-mingw32","2.4.5",NA,"R (>= 3.0.2), usethis (>= 2.1.6)","cli (>= 3.3.0), desc (>= 1.4.1), ellipsis (>= 0.3.2), fs (>=
1.5.2), lifecycle (>= 1.0.1), memoise (>= 2.0.1), miniUI (>=
0.1.1.1), pkgbuild (>= 1.3.1), pkgdown (>= 2.0.6), pkgload (>=
1.3.0), profvis (>= 0.3.7), rcmdcheck (>= 1.4.0), remotes (>=
2.4.2), rlang (>= 1.0.4), roxygen2 (>= 7.2.1), rversions (>=
2.1.1), sessioninfo (>= 1.2.2), stats, testthat (>= 3.1.5),
tools, urlchecker (>= 1.0.1), utils, withr (>= 2.5.0)",NA,"BiocManager (>= 1.30.18), callr (>= 3.7.1), covr (>= 3.5.1),
curl (>= 4.3.2), digest (>= 0.6.29), DT (>= 0.23), foghorn (>=
1.4.2), gh (>= 1.3.0), gmailr (>= 1.0.1), httr (>= 1.4.3),
knitr (>= 1.39), lintr (>= 3.0.0), MASS, mockery (>= 0.4.3),
pingr (>= 2.0.1), rhub (>= 1.1.1), rmarkdown (>= 2.14),
rstudioapi (>= 0.13), spelling (>= 2.2)",NA,"MIT + file LICENSE",NA,NA,NA,NA,"no","4.2.3"
"diffobj","diffobj","C:/Users/JR13/Documents/LOCAL_NOT_ONEDRIVE/GA_MSE_HR/renv/library/R-4.2/x86_64-w64-mingw32","0.3.5",NA,"R (>= 3.1.0)","crayon (>= 1.3.2), tools, methods, utils, stats",NA,"knitr, rmarkdown",NA,"GPL-2 | GPL-3",NA,NA,NA,NA,"yes","4.2.3"
"digest","digest","C:/Users/JR13/Documents/LOCAL_NOT_ONEDRIVE/GA_MSE_HR/renv/library/R-4.2/x86_64-w64-mingw32","0.6.31",NA,"R (>= 3.3.0)","utils",NA,"tinytest, simplermarkdown",NA,"GPL (>= 2)",NA,NA,NA,NA,"yes","4.2.3"
"doFuture","doFuture","C:/Users/JR13/Documents/LOCAL_NOT_ONEDRIVE/GA_MSE_HR/renv/library/R-4.2/x86_64-w64-mingw32","1.0.0",NA,"foreach (>= 1.5.0), future (>= 1.32.0)","future.apply, globals, iterators, parallel, utils",NA,"doRNG (>= 1.8.2), markdown, R.rsp",NA,"LGPL (>= 2.1)",NA,NA,NA,NA,"no","4.2.3"
"doMPI","doMPI","C:/Users/JR13/Documents/LOCAL_NOT_ONEDRIVE/GA_MSE_HR/renv/library/R-4.2/x86_64-w64-mingw32","0.2.2",NA,"R (>= 2.14.0), foreach(>= 1.3.0), iterators(>= 1.0.0), Rmpi(>=
0.5-7)","parallel, compiler, utils",NA,"randomForest, itertools",NA,"GPL-2",NA,NA,NA,NA,"no","4.2.3"
"doParallel","doParallel","C:/Users/JR13/Documents/LOCAL_NOT_ONEDRIVE/GA_MSE_HR/renv/library/R-4.2/x86_64-w64-mingw32","1.0.17",NA,"R (>= 2.14.0), foreach (>= 1.2.0), iterators (>= 1.0.0),
parallel, utils",NA,NA,"caret, mlbench, rpart, RUnit","compiler","GPL-2",NA,NA,NA,NA,"no","4.2.3"
"doRNG","doRNG","C:/Users/JR13/Documents/LOCAL_NOT_ONEDRIVE/GA_MSE_HR/renv/library/R-4.2/x86_64-w64-mingw32","1.8.6",NA,"R (>= 3.0.0), foreach, rngtools (>= 1.5)","stats, utils, iterators",NA,"doParallel, doMPI, doRedis, rbenchmark, devtools, knitr,
rbibutils (>= 1.3), testthat, pkgmaker (>= 0.32.7), covr",NA,"GPL (>= 2)",NA,NA,NA,NA,"no","4.2.3"
"downlit","downlit","C:/Users/JR13/Documents/LOCAL_NOT_ONEDRIVE/GA_MSE_HR/renv/library/R-4.2/x86_64-w64-mingw32","0.4.3",NA,"R (>= 3.4.0)","brio, desc, digest, evaluate, fansi, memoise, rlang, vctrs,
withr, yaml",NA,"covr, htmltools, jsonlite, MASS, MassSpecWavelet, pkgload,
rmarkdown, testthat (>= 3.0.0), xml2",NA,"MIT + file LICENSE",NA,NA,NA,NA,"no","4.2.3"
"dplyr","dplyr","C:/Users/JR13/Documents/LOCAL_NOT_ONEDRIVE/GA_MSE_HR/renv/library/R-4.2/x86_64-w64-mingw32","1.1.2",NA,"R (>= 3.5.0)","cli (>= 3.4.0), generics, glue (>= 1.3.2), lifecycle (>=
1.0.3), magrittr (>= 1.5), methods, pillar (>= 1.9.0), R6,
rlang (>= 1.1.0), tibble (>= 3.2.0), tidyselect (>= 1.2.0),
utils, vctrs (>= 0.6.0)",NA,"bench, broom, callr, covr, DBI, dbplyr (>= 2.2.1), ggplot2,
knitr, Lahman, lobstr, microbenchmark, nycflights13, purrr,
rmarkdown, RMySQL, RPostgreSQL, RSQLite, stringi (>= 1.7.6),
testthat (>= 3.1.5), tidyr (>= 1.3.0), withr",NA,"MIT + file LICENSE",NA,NA,NA,NA,"yes","4.2.3"
"ellipsis","ellipsis","C:/Users/JR13/Documents/LOCAL_NOT_ONEDRIVE/GA_MSE_HR/renv/library/R-4.2/x86_64-w64-mingw32","0.3.2",NA,"R (>= 3.2)","rlang (>= 0.3.0)",NA,"covr, testthat",NA,"MIT + file LICENSE",NA,NA,NA,NA,"yes","4.2.3"
"evaluate","evaluate","C:/Users/JR13/Documents/LOCAL_NOT_ONEDRIVE/GA_MSE_HR/renv/library/R-4.2/x86_64-w64-mingw32","0.21",NA,"R (>= 3.0.2)","methods",NA,"covr, ggplot2, lattice, rlang, testthat (>= 3.0.0), withr",NA,"MIT + file LICENSE",NA,NA,NA,NA,"no","4.2.3"
"fansi","fansi","C:/Users/JR13/Documents/LOCAL_NOT_ONEDRIVE/GA_MSE_HR/renv/library/R-4.2/x86_64-w64-mingw32","1.0.4",NA,"R (>= 3.1.0)","grDevices, utils",NA,"unitizer, knitr, rmarkdown",NA,"GPL-2 | GPL-3",NA,NA,NA,NA,"yes","4.2.3"
"farver","farver","C:/Users/JR13/Documents/LOCAL_NOT_ONEDRIVE/GA_MSE_HR/renv/library/R-4.2/x86_64-w64-mingw32","2.1.1",NA,NA,NA,NA,"covr, testthat (>= 3.0.0)",NA,"MIT + file LICENSE",NA,NA,NA,NA,"yes","4.2.3"
"fastmap","fastmap","C:/Users/JR13/Documents/LOCAL_NOT_ONEDRIVE/GA_MSE_HR/renv/library/R-4.2/x86_64-w64-mingw32","1.1.1",NA,NA,NA,NA,"testthat (>= 2.1.1)",NA,"MIT + file LICENSE",NA,NA,NA,NA,"yes","4.2.3"
"FLash","FLash","C:/Users/JR13/Documents/LOCAL_NOT_ONEDRIVE/GA_MSE_HR/renv/library/R-4.2/x86_64-w64-mingw32","2.5.11",NA,"R(>= 3.4.0), FLCore(>= 2.6.5), methods",NA,NA,"knitr, rmarkdown",NA,"GPL-2",NA,NA,NA,NA,"yes","4.2.1"
"FLasher","FLasher","C:/Users/JR13/Documents/LOCAL_NOT_ONEDRIVE/GA_MSE_HR/renv/library/R-4.2/x86_64-w64-mingw32","0.7.0",NA,"R(>= 3.5.0), FLCore(> 2.6.5), FLFishery(>= 0.1), ggplotFL","methods, Rcpp (>= 0.12.0), rlang, ggplot2","Rcpp","testthat, knitr, rmarkdown, covr",NA,"EUPL",NA,NA,NA,NA,"yes","4.2.1"
"FLAssess","FLAssess","C:/Users/JR13/Documents/LOCAL_NOT_ONEDRIVE/GA_MSE_HR/renv/library/R-4.2/x86_64-w64-mingw32","2.6.3",NA,"methods, FLCore(>= 2.5.0)","lattice",NA,NA,NA,"GPL-2",NA,NA,NA,NA,"yes","4.2.1"
"FLBRP","FLBRP","C:/Users/JR13/Documents/LOCAL_NOT_ONEDRIVE/GA_MSE_HR/renv/library/R-4.2/x86_64-w64-mingw32","2.5.9",NA,"R (>= 3.5.0), FLCore (>= 2.6.7), ggplotFL","methods, ggplot2",NA,"knitr, rmarkdown",NA,"GPL-3",NA,NA,NA,NA,"Yes","4.2.2"
"FLCore","FLCore","C:/Users/JR13/Documents/LOCAL_NOT_ONEDRIVE/GA_MSE_HR/renv/library/R-4.2/x86_64-w64-mingw32","2.6.19",NA,"R(>= 4.0),
lattice,
iterators","graphics,
grid,
methods,
Matrix,
MASS,
stats,
stats4,
utils,
ggplot2",NA,"testthat,
rlang,
hedgehog",NA,"GPL (>= 2)",NA,NA,NA,NA,NA,"4.2.2"
"FLFishery","FLFishery","C:/Users/JR13/Documents/LOCAL_NOT_ONEDRIVE/GA_MSE_HR/renv/library/R-4.2/x86_64-w64-mingw32","0.3.8",NA,"R(>= 4.0), methods, FLCore(>= 2.6.16), ggplotFL","ggplot2",NA,"knitr, testthat, rmarkdown",NA,"EUPL",NA,NA,NA,NA,"no","4.2.1"
"FLife","FLife","C:/Users/JR13/Documents/LOCAL_NOT_ONEDRIVE/GA_MSE_HR/renv/library/R-4.2/x86_64-w64-mingw32","3.4.0",NA,"R(>= 3.6.0), FLCore (>= 2.6.13), ggplotFL","methods, plyr, FLBRP",NA,"FLasher, FLAssess, testthat, knitr, GGally, reshape, popbio,
rmarkdown",NA,"GPL (>= 2)",NA,NA,NA,NA,"no","4.2.2"
"fontawesome","fontawesome","C:/Users/JR13/Documents/LOCAL_NOT_ONEDRIVE/GA_MSE_HR/renv/library/R-4.2/x86_64-w64-mingw32","0.5.1",NA,"R (>= 3.3.0)","rlang (>= 1.0.6), htmltools (>= 0.5.1.1)",NA,"covr, dplyr (>= 1.0.8), knitr (>= 1.31), testthat (>= 3.0.0),
rsvg",NA,"MIT + file LICENSE",NA,NA,NA,NA,"no","4.2.3"
"forcats","forcats","C:/Users/JR13/Documents/LOCAL_NOT_ONEDRIVE/GA_MSE_HR/renv/library/R-4.2/x86_64-w64-mingw32","1.0.0",NA,"R (>= 3.4)","cli (>= 3.4.0), glue, lifecycle, magrittr, rlang (>= 1.0.0),
tibble",NA,"covr, dplyr, ggplot2, knitr, readr, rmarkdown, testthat (>=
3.0.0), withr",NA,"MIT + file LICENSE",NA,NA,NA,NA,"no","4.2.3"
"foreach","foreach","C:/Users/JR13/Documents/LOCAL_NOT_ONEDRIVE/GA_MSE_HR/renv/library/R-4.2/x86_64-w64-mingw32","1.5.2",NA,"R (>= 2.5.0)","codetools, utils, iterators",NA,"randomForest, doMC, doParallel, testthat, knitr, rmarkdown",NA,"Apache License (== 2.0)",NA,NA,NA,NA,"no","4.2.3"
"fs","fs","C:/Users/JR13/Documents/LOCAL_NOT_ONEDRIVE/GA_MSE_HR/renv/library/R-4.2/x86_64-w64-mingw32","1.6.2",NA,"R (>= 3.4)","methods",NA,"covr, crayon, knitr, pillar (>= 1.0.0), rmarkdown, spelling,
testthat (>= 3.0.0), tibble (>= 1.1.0), vctrs (>= 0.3.0), withr",NA,"MIT + file LICENSE",NA,NA,NA,NA,"yes","4.2.3"
"future","future","C:/Users/JR13/Documents/LOCAL_NOT_ONEDRIVE/GA_MSE_HR/renv/library/R-4.2/x86_64-w64-mingw32","1.33.0",NA,NA,"digest, globals (>= 0.16.1), listenv (>= 0.8.0), parallel,
parallelly (>= 1.34.0), utils",NA,"methods, RhpcBLASctl, R.rsp, markdown",NA,"LGPL (>= 2.1)",NA,NA,NA,NA,"no","4.2.3"
"future.apply","future.apply","C:/Users/JR13/Documents/LOCAL_NOT_ONEDRIVE/GA_MSE_HR/renv/library/R-4.2/x86_64-w64-mingw32","1.11.0",NA,"R (>= 3.2.0), future (>= 1.28.0)","globals (>= 0.16.1), parallel, utils",NA,"datasets, stats, tools, listenv (>= 0.8.0), R.rsp, markdown",NA,"GPL (>= 2)",NA,NA,NA,NA,"no","4.2.3"
"GA","GA","C:/Users/JR13/Documents/LOCAL_NOT_ONEDRIVE/GA_MSE_HR/renv/library/R-4.2/x86_64-w64-mingw32","3.2.3",NA,"R (>= 3.4), methods, foreach, iterators","stats, graphics, grDevices, utils, cli, crayon, Rcpp","Rcpp, RcppArmadillo","parallel, doParallel, doRNG (>= 1.6), knitr (>= 1.8),
rmarkdown (>= 2.0)",NA,"GPL (>= 2)",NA,NA,NA,NA,NA,"4.2.2"
"generics","generics","C:/Users/JR13/Documents/LOCAL_NOT_ONEDRIVE/GA_MSE_HR/renv/library/R-4.2/x86_64-w64-mingw32","0.1.3",NA,"R (>= 3.2)","methods",NA,"covr, pkgload, testthat (>= 3.0.0), tibble, withr",NA,"MIT + file LICENSE",NA,NA,NA,NA,"no","4.2.3"
"gert","gert","C:/Users/JR13/Documents/LOCAL_NOT_ONEDRIVE/GA_MSE_HR/renv/library/R-4.2/x86_64-w64-mingw32","2.0.0",NA,NA,"askpass, credentials (>= 1.2.1), openssl (>= 2.0.3),
rstudioapi (>= 0.11), sys, zip (>= 2.1.0)",NA,"spelling, knitr, rmarkdown, testthat",NA,"MIT + file LICENSE",NA,NA,NA,NA,"yes","4.2.3"
"GGally","GGally","C:/Users/JR13/Documents/LOCAL_NOT_ONEDRIVE/GA_MSE_HR/renv/library/R-4.2/x86_64-w64-mingw32","2.1.2",NA,"R (>= 3.1), ggplot2 (>= 3.3.4)","dplyr (>= 1.0.0), forcats, grDevices, grid, gtable (>= 0.2.0),
lifecycle, plyr (>= 1.8.3), progress, RColorBrewer, reshape (>=
0.8.5), rlang, scales (>= 1.1.0), tidyr, utils",NA,"broom (>= 0.7.0), broom.helpers (>= 1.1.0), chemometrics,
geosphere (>= 1.5-1), ggforce, Hmisc, igraph (>= 1.0.1),
intergraph (>= 2.0-2), labelled, maps (>= 3.1.0), mapproj,
nnet, network (>= 1.17.1), scagnostics, sna (>= 2.3-2),
survival, rmarkdown, roxygen2, testthat, crosstalk, knitr,
spelling, emmeans",NA,"GPL (>= 2.0)",NA,NA,NA,NA,"no","4.2.3"
"ggplot2","ggplot2","C:/Users/JR13/Documents/LOCAL_NOT_ONEDRIVE/GA_MSE_HR/renv/library/R-4.2/x86_64-w64-mingw32","3.4.2",NA,"R (>= 3.3)","cli, glue, grDevices, grid, gtable (>= 0.1.1), isoband,
lifecycle (> 1.0.1), MASS, mgcv, rlang (>= 1.1.0), scales (>=
1.2.0), stats, tibble, vctrs (>= 0.5.0), withr (>= 2.5.0)",NA,"covr, dplyr, ggplot2movies, hexbin, Hmisc, knitr, lattice,
mapproj, maps, maptools, multcomp, munsell, nlme, profvis,
quantreg, ragg, RColorBrewer, rgeos, rmarkdown, rpart, sf (>=
0.7-3), svglite (>= 1.2.0.9001), testthat (>= 3.1.2), vdiffr
(>= 1.0.0), xml2","sp","MIT + file LICENSE",NA,NA,NA,NA,"no","4.2.3"
"ggplotFL","ggplotFL","C:/Users/JR13/Documents/LOCAL_NOT_ONEDRIVE/GA_MSE_HR/renv/library/R-4.2/x86_64-w64-mingw32","2.7.0",NA,"R(>= 4.0), ggplot2(>= 2.0.0), FLCore(>= 2.6.15)","methods, gridExtra, rlang, stats, scales, cowplot, data.table",NA,"knitr, rmarkdown, testthat",NA,"GPL-2",NA,NA,NA,NA,"no","4.2.1"
"ggpubr","ggpubr","C:/Users/JR13/Documents/LOCAL_NOT_ONEDRIVE/GA_MSE_HR/renv/library/R-4.2/x86_64-w64-mingw32","0.6.0",NA,"R (>= 3.1.0), ggplot2 (>= 3.4.0)","ggrepel (>= 0.9.2), grid, ggsci, stats, utils, tidyr (>=
1.3.0), purrr, dplyr (>= 0.7.1), cowplot (>= 1.1.1), ggsignif,
scales, gridExtra, glue, polynom, rlang (>= 0.4.6), rstatix (>=
0.7.2), tibble, magrittr",NA,"grDevices, knitr, RColorBrewer, gtable, testthat",NA,"GPL (>= 2)",NA,NA,NA,NA,"no","4.2.3"
"ggrepel","ggrepel","C:/Users/JR13/Documents/LOCAL_NOT_ONEDRIVE/GA_MSE_HR/renv/library/R-4.2/x86_64-w64-mingw32","0.9.4",NA,"R (>= 3.0.0), ggplot2 (>= 2.2.0)","grid, Rcpp, rlang (>= 0.3.0), scales (>= 0.5.0), withr (>=
2.5.0)","Rcpp","knitr, rmarkdown, testthat, svglite, vdiffr, gridExtra,
devtools, prettydoc, ggbeeswarm, dplyr, magrittr, readr,
stringr",NA,"GPL-3 | file LICENSE",NA,NA,NA,NA,"yes","4.2.3"
"ggsci","ggsci","C:/Users/JR13/Documents/LOCAL_NOT_ONEDRIVE/GA_MSE_HR/renv/library/R-4.2/x86_64-w64-mingw32","3.0.0",NA,"R (>= 3.5.0)","ggplot2 (>= 2.0.0), grDevices, scales",NA,"gridExtra, knitr, ragg, reshape2, rmarkdown",NA,"GPL (>= 3)",NA,NA,NA,NA,"no","4.2.3"
"ggsignif","ggsignif","C:/Users/JR13/Documents/LOCAL_NOT_ONEDRIVE/GA_MSE_HR/renv/library/R-4.2/x86_64-w64-mingw32","0.6.4",NA,NA,"ggplot2 (>= 3.3.5)",NA,"knitr, rmarkdown, testthat, vdiffr (>= 1.0.2)",NA,"GPL-3 | file LICENSE",NA,NA,NA,NA,"no","4.2.3"
"gh","gh","C:/Users/JR13/Documents/LOCAL_NOT_ONEDRIVE/GA_MSE_HR/renv/library/R-4.2/x86_64-w64-mingw32","1.4.0",NA,"R (>= 3.4)","cli (>= 3.0.1), gitcreds, httr2, ini, jsonlite, rlang (>=
1.0.0)",NA,"covr, knitr, mockery, rmarkdown, rprojroot, spelling,
testthat (>= 3.0.0), withr",NA,"MIT + file LICENSE",NA,NA,NA,NA,"no","4.2.3"
"gitcreds","gitcreds","C:/Users/JR13/Documents/LOCAL_NOT_ONEDRIVE/GA_MSE_HR/renv/library/R-4.2/x86_64-w64-mingw32","0.1.2",NA,"R (>= 3.4)",NA,NA,"codetools, covr, knitr, mockery, oskeyring, rmarkdown,
testthat (>= 3.0.0), withr",NA,"MIT + file LICENSE",NA,NA,NA,NA,"no","4.2.3"
"globals","globals","C:/Users/JR13/Documents/LOCAL_NOT_ONEDRIVE/GA_MSE_HR/renv/library/R-4.2/x86_64-w64-mingw32","0.16.2",NA,"R (>= 3.1.2)","codetools",NA,NA,NA,"LGPL (>= 2.1)",NA,NA,NA,NA,"no","4.2.2"
"glue","glue","C:/Users/JR13/Documents/LOCAL_NOT_ONEDRIVE/GA_MSE_HR/renv/library/R-4.2/x86_64-w64-mingw32","1.6.2",NA,"R (>= 3.4)","methods",NA,"covr, crayon, DBI, dplyr, forcats, ggplot2, knitr, magrittr,
microbenchmark, R.utils, rmarkdown, rprintf, RSQLite, stringr,
testthat (>= 3.0.0), vctrs (>= 0.3.0), waldo (>= 0.3.0), withr",NA,"MIT + file LICENSE",NA,NA,NA,NA,"yes","4.2.3"
"gridExtra","gridExtra","C:/Users/JR13/Documents/LOCAL_NOT_ONEDRIVE/GA_MSE_HR/renv/library/R-4.2/x86_64-w64-mingw32","2.3",NA,NA,"gtable, grid, grDevices, graphics, utils",NA,"ggplot2, egg, lattice, knitr, testthat",NA,"GPL (>= 2)",NA,NA,NA,NA,"no","4.2.3"
"gtable","gtable","C:/Users/JR13/Documents/LOCAL_NOT_ONEDRIVE/GA_MSE_HR/renv/library/R-4.2/x86_64-w64-mingw32","0.3.3",NA,"R (>= 3.5)","cli, glue, grid, lifecycle, rlang (>= 1.1.0)",NA,"covr, ggplot2, knitr, profvis, rmarkdown, testthat (>= 3.0.0)",NA,"MIT + file LICENSE",NA,NA,NA,NA,"no","4.2.3"
"highr","highr","C:/Users/JR13/Documents/LOCAL_NOT_ONEDRIVE/GA_MSE_HR/renv/library/R-4.2/x86_64-w64-mingw32","0.10",NA,"R (>= 3.3.0)","xfun (>= 0.18)",NA,"knitr, markdown, testit",NA,"GPL",NA,NA,NA,NA,"no","4.2.3"
"hms","hms","C:/Users/JR13/Documents/LOCAL_NOT_ONEDRIVE/GA_MSE_HR/renv/library/R-4.2/x86_64-w64-mingw32","1.1.3",NA,NA,"lifecycle, methods, pkgconfig, rlang (>= 1.0.2), vctrs (>=
0.3.8)",NA,"crayon, lubridate, pillar (>= 1.1.0), testthat (>= 3.0.0)",NA,"MIT + file LICENSE",NA,NA,NA,NA,"no","4.2.3"
"htmltools","htmltools","C:/Users/JR13/Documents/LOCAL_NOT_ONEDRIVE/GA_MSE_HR/renv/library/R-4.2/x86_64-w64-mingw32","0.5.5",NA,"R (>= 2.14.1)","utils, digest, grDevices, base64enc, rlang (>= 0.4.10),
fastmap (>= 1.1.0), ellipsis",NA,"markdown, testthat, withr, Cairo, ragg, shiny","knitr","GPL (>= 2)",NA,NA,NA,NA,"yes","4.2.3"
"htmlwidgets","htmlwidgets","C:/Users/JR13/Documents/LOCAL_NOT_ONEDRIVE/GA_MSE_HR/renv/library/R-4.2/x86_64-w64-mingw32","1.6.2",NA,NA,"grDevices, htmltools (>= 0.5.4), jsonlite (>= 0.9.16), yaml,
knitr (>= 1.8), rmarkdown",NA,"testthat","shiny (>= 1.1)","MIT + file LICENSE",NA,NA,NA,NA,"no","4.2.3"
"httpuv","httpuv","C:/Users/JR13/Documents/LOCAL_NOT_ONEDRIVE/GA_MSE_HR/renv/library/R-4.2/x86_64-w64-mingw32","1.6.12",NA,"R (>= 2.15.1)","later (>= 0.8.0), promises, R6, Rcpp (>= 1.0.7), utils","later, Rcpp","callr, curl, testthat, websocket",NA,"GPL (>= 2) | file LICENSE",NA,NA,NA,NA,"yes","4.2.3"
"httr","httr","C:/Users/JR13/Documents/LOCAL_NOT_ONEDRIVE/GA_MSE_HR/renv/library/R-4.2/x86_64-w64-mingw32","1.4.7",NA,"R (>= 3.5)","curl (>= 5.0.2), jsonlite, mime, openssl (>= 0.8), R6",NA,"covr, httpuv, jpeg, knitr, png, readr, rmarkdown, testthat
(>= 0.8.0), xml2",NA,"MIT + file LICENSE",NA,NA,NA,NA,"no","4.2.3"
"httr2","httr2","C:/Users/JR13/Documents/LOCAL_NOT_ONEDRIVE/GA_MSE_HR/renv/library/R-4.2/x86_64-w64-mingw32","0.2.3",NA,"R (>= 3.4)","cli (>= 3.0.0), curl, glue, magrittr, openssl, R6, rappdirs,
rlang (>= 1.0.0), withr",NA,"askpass, bench, clipr, covr, docopt, httpuv, jose, jsonlite,
knitr, purrr, rmarkdown, testthat (>= 3.0.0), tibble, webfakes,
xml2",NA,"MIT + file LICENSE",NA,NA,NA,NA,"no","4.2.3"
"ini","ini","C:/Users/JR13/Documents/LOCAL_NOT_ONEDRIVE/GA_MSE_HR/renv/library/R-4.2/x86_64-w64-mingw32","0.3.1",NA,NA,NA,NA,"testthat",NA,"GPL-3",NA,NA,NA,NA,"no","4.2.3"
"isoband","isoband","C:/Users/JR13/Documents/LOCAL_NOT_ONEDRIVE/GA_MSE_HR/renv/library/R-4.2/x86_64-w64-mingw32","0.2.7",NA,NA,"grid, utils",NA,"covr, ggplot2, knitr, magick, microbenchmark, rmarkdown, sf,
testthat, xml2",NA,"MIT + file LICENSE",NA,NA,NA,NA,"yes","4.2.3"
"iterators","iterators","C:/Users/JR13/Documents/LOCAL_NOT_ONEDRIVE/GA_MSE_HR/renv/library/R-4.2/x86_64-w64-mingw32","1.0.14",NA,"R (>= 2.5.0), utils",NA,NA,"RUnit, foreach",NA,"Apache License (== 2.0)",NA,NA,NA,NA,"no","4.2.3"
"jquerylib","jquerylib","C:/Users/JR13/Documents/LOCAL_NOT_ONEDRIVE/GA_MSE_HR/renv/library/R-4.2/x86_64-w64-mingw32","0.1.4",NA,NA,"htmltools",NA,"testthat",NA,"MIT + file LICENSE",NA,NA,NA,NA,"no","4.2.3"
"jsonlite","jsonlite","C:/Users/JR13/Documents/LOCAL_NOT_ONEDRIVE/GA_MSE_HR/renv/library/R-4.2/x86_64-w64-mingw32","1.8.5",NA,"methods",NA,NA,"httr, vctrs, testthat, knitr, rmarkdown, R.rsp, sf",NA,"MIT + file LICENSE",NA,NA,NA,NA,"yes","4.2.3"
"knitr","knitr","C:/Users/JR13/Documents/LOCAL_NOT_ONEDRIVE/GA_MSE_HR/renv/library/R-4.2/x86_64-w64-mingw32","1.43",NA,"R (>= 3.3.0)","evaluate (>= 0.15), highr, methods, tools, xfun (>= 0.39),
yaml (>= 2.1.19)",NA,"bslib, codetools, DBI (>= 0.4-1), digest, formatR, gifski,
gridSVG, htmlwidgets (>= 0.7), curl, jpeg, JuliaCall (>=
0.11.1), magick, markdown (>= 1.3), png, ragg, reticulate (>=
1.4), rgl (>= 0.95.1201), rlang, rmarkdown, sass, showtext,
styler (>= 1.2.0), targets (>= 0.6.0), testit, tibble,
tikzDevice (>= 0.10), tinytex, webshot, rstudioapi, xml2 (>=
1.2.0)",NA,"GPL",NA,NA,NA,NA,"no","4.2.3"
"labeling","labeling","C:/Users/JR13/Documents/LOCAL_NOT_ONEDRIVE/GA_MSE_HR/renv/library/R-4.2/x86_64-w64-mingw32","0.4.2",NA,NA,"stats, graphics",NA,NA,NA,"MIT + file LICENSE | Unlimited",NA,NA,NA,NA,"no","4.2.0"
"later","later","C:/Users/JR13/Documents/LOCAL_NOT_ONEDRIVE/GA_MSE_HR/renv/library/R-4.2/x86_64-w64-mingw32","1.3.1",NA,NA,"Rcpp (>= 0.12.9), rlang","Rcpp","knitr, rmarkdown, testthat (>= 2.1.0)",NA,"MIT + file LICENSE",NA,NA,NA,NA,"yes","4.2.3"
"lattice","lattice","C:/Users/JR13/Documents/LOCAL_NOT_ONEDRIVE/GA_MSE_HR/renv/library/R-4.2/x86_64-w64-mingw32","0.20-45","recommended","R (>= 3.0.0)","grid, grDevices, graphics, stats, utils",NA,"KernSmooth, MASS, latticeExtra","chron","GPL (>= 2)",NA,NA,NA,NA,"yes","4.2.2"
"lifecycle","lifecycle","C:/Users/JR13/Documents/LOCAL_NOT_ONEDRIVE/GA_MSE_HR/renv/library/R-4.2/x86_64-w64-mingw32","1.0.3",NA,"R (>= 3.4)","cli (>= 3.4.0), glue, rlang (>= 1.0.6)",NA,"covr, crayon, knitr, lintr, rmarkdown, testthat (>= 3.0.1),
tibble, tidyverse, tools, vctrs, withr",NA,"MIT + file LICENSE",NA,NA,NA,NA,"no","4.2.3"
"listenv","listenv","C:/Users/JR13/Documents/LOCAL_NOT_ONEDRIVE/GA_MSE_HR/renv/library/R-4.2/x86_64-w64-mingw32","0.9.0",NA,"R (>= 3.1.2)",NA,NA,"R.utils, R.rsp, markdown",NA,"LGPL (>= 2.1)",NA,NA,NA,NA,"no","4.2.3"
"lme4","lme4","C:/Users/JR13/Documents/LOCAL_NOT_ONEDRIVE/GA_MSE_HR/renv/library/R-4.2/x86_64-w64-mingw32","1.1-34",NA,"R (>= 3.5.0), Matrix (>= 1.2-1), methods, stats","graphics, grid, splines, utils, parallel, MASS, lattice, boot,
nlme (>= 3.1-123), minqa (>= 1.1.15), nloptr (>= 1.0.4)","Rcpp (>= 0.10.5), RcppEigen","knitr, rmarkdown, MEMSS, testthat (>= 0.8.1), ggplot2,
mlmRev, optimx (>= 2013.8.6), gamm4, pbkrtest, HSAUR3,
numDeriv, car, dfoptim, mgcv, statmod, rr2, semEff, tibble,
merDeriv",NA,"GPL (>= 2)",NA,NA,NA,NA,"yes","4.2.3"
"magrittr","magrittr","C:/Users/JR13/Documents/LOCAL_NOT_ONEDRIVE/GA_MSE_HR/renv/library/R-4.2/x86_64-w64-mingw32","2.0.3",NA,"R (>= 3.4.0)",NA,NA,"covr, knitr, rlang, rmarkdown, testthat",NA,"MIT + file LICENSE",NA,NA,NA,NA,"yes","4.2.3"
"MASS","MASS","C:/Users/JR13/Documents/LOCAL_NOT_ONEDRIVE/GA_MSE_HR/renv/library/R-4.2/x86_64-w64-mingw32","7.3-58.2","recommended","R (>= 3.3.0), grDevices, graphics, stats, utils","methods",NA,"lattice, nlme, nnet, survival",NA,"GPL-2 | GPL-3",NA,NA,NA,NA,"yes","4.2.2"
"Matrix","Matrix","C:/Users/JR13/Documents/LOCAL_NOT_ONEDRIVE/GA_MSE_HR/renv/library/R-4.2/x86_64-w64-mingw32","1.5-3","recommended","R (>= 3.5.0), methods","graphics, grid, lattice, stats, utils",NA,"expm, MASS","MatrixModels, graph, SparseM, sfsmisc, igraph, maptools, sp,
spdep","GPL (>= 2) | file LICENCE",NA,NA,NA,NA,"yes","4.2.2"
"MatrixModels","MatrixModels","C:/Users/JR13/Documents/LOCAL_NOT_ONEDRIVE/GA_MSE_HR/renv/library/R-4.2/x86_64-w64-mingw32","0.5-2",NA,"R (>= 3.6.0)","stats, methods, Matrix (>= 1.6-0)",NA,NA,NA,"GPL (>= 2)",NA,NA,NA,NA,"no","4.2.3"
"memoise","memoise","C:/Users/JR13/Documents/LOCAL_NOT_ONEDRIVE/GA_MSE_HR/renv/library/R-4.2/x86_64-w64-mingw32","2.0.1",NA,NA,"rlang (>= 0.4.10), cachem",NA,"digest, aws.s3, covr, googleAuthR, googleCloudStorageR, httr,
testthat",NA,"MIT + file LICENSE",NA,NA,NA,NA,"no","4.2.3"
"mgcv","mgcv","C:/Users/JR13/Documents/LOCAL_NOT_ONEDRIVE/GA_MSE_HR/renv/library/R-4.2/x86_64-w64-mingw32","1.8-42","recommended","R (>= 3.6.0), nlme (>= 3.1-64)","methods, stats, graphics, Matrix, splines, utils",NA,"parallel, survival, MASS",NA,"GPL (>= 2)",NA,NA,NA,NA,"yes","4.2.3"
"mime","mime","C:/Users/JR13/Documents/LOCAL_NOT_ONEDRIVE/GA_MSE_HR/renv/library/R-4.2/x86_64-w64-mingw32","0.12",NA,NA,"tools",NA,NA,NA,"GPL",NA,NA,NA,NA,"yes","4.2.0"
"miniUI","miniUI","C:/Users/JR13/Documents/LOCAL_NOT_ONEDRIVE/GA_MSE_HR/renv/library/R-4.2/x86_64-w64-mingw32","0.1.1.1",NA,NA,"shiny (>= 0.13), htmltools (>= 0.3), utils",NA,NA,NA,"GPL-3",NA,NA,NA,NA,"no","4.2.3"
"minqa","minqa","C:/Users/JR13/Documents/LOCAL_NOT_ONEDRIVE/GA_MSE_HR/renv/library/R-4.2/x86_64-w64-mingw32","1.2.6",NA,NA,"Rcpp (>= 0.9.10)","Rcpp",NA,NA,"GPL-2",NA,NA,NA,NA,"yes","4.2.3"
"mse","mse","C:/Users/JR13/Documents/LOCAL_NOT_ONEDRIVE/GA_MSE_HR/renv/library/R-4.2/x86_64-w64-mingw32","2.2.3",NA,"R(>= 4.0), methods, FLCore(>= 2.6.18), ggplotFL(>= 2.6.10),
data.table, FLasher(>= 0.6.7), FLBRP(>= 2.5.8)","foreach, parallelly, progressr, patchwork",NA,"testthat, knitr, rmarkdown, FLa4a, doParallel",NA,"EUPL",NA,NA,NA,NA,"no","4.2.1"
"munsell","munsell","C:/Users/JR13/Documents/LOCAL_NOT_ONEDRIVE/GA_MSE_HR/renv/library/R-4.2/x86_64-w64-mingw32","0.5.0",NA,NA,"colorspace, methods",NA,"ggplot2, testthat",NA,"MIT + file LICENSE",NA,NA,NA,NA,"no","4.2.3"
"nlme","nlme","C:/Users/JR13/Documents/LOCAL_NOT_ONEDRIVE/GA_MSE_HR/renv/library/R-4.2/x86_64-w64-mingw32","3.1-162","recommended","R (>= 3.5.0)","graphics, stats, utils, lattice",NA,"Hmisc, MASS, SASmixed",NA,"GPL (>= 2)",NA,NA,NA,NA,"yes","4.2.3"
"nloptr","nloptr","C:/Users/JR13/Documents/LOCAL_NOT_ONEDRIVE/GA_MSE_HR/renv/library/R-4.2/x86_64-w64-mingw32","2.0.3",NA,NA,NA,"testthat","knitr, rmarkdown, xml2, testthat (>= 3.0.0), covr",NA,"LGPL (>= 3)",NA,NA,NA,NA,"yes","4.2.3"
"numDeriv","numDeriv","C:/Users/JR13/Documents/LOCAL_NOT_ONEDRIVE/GA_MSE_HR/renv/library/R-4.2/x86_64-w64-mingw32","2016.8-1.1",NA,"R (>= 2.11.1)",NA,NA,NA,NA,"GPL-2",NA,NA,NA,NA,"no","4.2.0"
"openssl","openssl","C:/Users/JR13/Documents/LOCAL_NOT_ONEDRIVE/GA_MSE_HR/renv/library/R-4.2/x86_64-w64-mingw32","2.1.1",NA,NA,"askpass",NA,"curl, testthat (>= 2.1.0), digest, knitr, rmarkdown,
jsonlite, jose, sodium",NA,"MIT + file LICENSE",NA,NA,NA,NA,"yes","4.2.3"
"parallelly","parallelly","C:/Users/JR13/Documents/LOCAL_NOT_ONEDRIVE/GA_MSE_HR/renv/library/R-4.2/x86_64-w64-mingw32","1.36.0",NA,NA,"parallel, tools, utils",NA,NA,NA,"LGPL (>= 2.1)",NA,NA,NA,NA,"no","4.2.3"
"patchwork","patchwork","C:/Users/JR13/Documents/LOCAL_NOT_ONEDRIVE/GA_MSE_HR/renv/library/R-4.2/x86_64-w64-mingw32","1.1.2",NA,NA,"ggplot2 (>= 3.0.0), gtable, grid, stats, grDevices, utils,
graphics",NA,"knitr, rmarkdown, gridGraphics, gridExtra, ragg, testthat (>=
2.1.0), vdiffr, covr, png",NA,"MIT + file LICENSE",NA,NA,NA,NA,"no","4.2.3"
"pbkrtest","pbkrtest","C:/Users/JR13/Documents/LOCAL_NOT_ONEDRIVE/GA_MSE_HR/renv/library/R-4.2/x86_64-w64-mingw32","0.5.2",NA,"R (>= 4.1.0), lme4 (>= 1.1.31)","broom, dplyr, MASS, Matrix (>= 1.2.3), methods, numDeriv,
parallel",NA,"knitr",NA,"GPL (>= 2)",NA,NA,NA,NA,"no","4.2.3"
"pillar","pillar","C:/Users/JR13/Documents/LOCAL_NOT_ONEDRIVE/GA_MSE_HR/renv/library/R-4.2/x86_64-w64-mingw32","1.9.0",NA,NA,"cli (>= 2.3.0), fansi, glue, lifecycle, rlang (>= 1.0.2), utf8
(>= 1.1.0), utils, vctrs (>= 0.5.0)",NA,"bit64, DBI, debugme, DiagrammeR, dplyr, formattable, ggplot2,
knitr, lubridate, nanotime, nycflights13, palmerpenguins,
rmarkdown, scales, stringi, survival, testthat (>= 3.1.1),
tibble, units (>= 0.7.2), vdiffr, withr",NA,"MIT + file LICENSE",NA,NA,NA,NA,"no","4.2.3"
"pkgbuild","pkgbuild","C:/Users/JR13/Documents/LOCAL_NOT_ONEDRIVE/GA_MSE_HR/renv/library/R-4.2/x86_64-w64-mingw32","1.4.2",NA,"R (>= 3.4)","callr (>= 3.2.0), cli (>= 3.4.0), crayon, desc, prettyunits,
processx, R6, rprojroot",NA,"covr, cpp11, knitr, mockery, Rcpp, rmarkdown, testthat (>=
3.0.0), withr (>= 2.3.0)",NA,"MIT + file LICENSE",NA,NA,NA,NA,"no","4.2.3"
"pkgconfig","pkgconfig","C:/Users/JR13/Documents/LOCAL_NOT_ONEDRIVE/GA_MSE_HR/renv/library/R-4.2/x86_64-w64-mingw32","2.0.3",NA,NA,"utils",NA,"covr, testthat, disposables (>= 1.0.3)",NA,"MIT + file LICENSE",NA,NA,NA,NA,"no","4.2.3"
"pkgdown","pkgdown","C:/Users/JR13/Documents/LOCAL_NOT_ONEDRIVE/GA_MSE_HR/renv/library/R-4.2/x86_64-w64-mingw32","2.0.7",NA,"R (>= 3.1.0)","bslib (>= 0.3.1), callr (>= 3.7.3), cli, desc, digest, downlit
(>= 0.4.0), fs (>= 1.4.0), httr (>= 1.4.2), jsonlite, magrittr,
memoise, purrr, ragg, rlang (>= 1.0.0), rmarkdown (>=
1.1.9007), tibble, whisker, withr (>= 2.4.3), xml2 (>= 1.3.1),
yaml",NA,"covr, diffviewer, evaluate, htmltools, htmlwidgets, knitr,
lifecycle, methods, openssl, pkgload (>= 1.0.2), rsconnect,
rstudioapi, rticles, sass, testthat (>= 3.1.3), tools",NA,"MIT + file LICENSE",NA,NA,NA,NA,"no","4.2.3"
"pkgload","pkgload","C:/Users/JR13/Documents/LOCAL_NOT_ONEDRIVE/GA_MSE_HR/renv/library/R-4.2/x86_64-w64-mingw32","1.3.3",NA,"R (>= 3.4.0)","cli (>= 3.3.0), crayon, desc, fs, glue, methods, pkgbuild,
rlang (>= 1.1.1), rprojroot, utils, withr (>= 2.4.3)",NA,"bitops, covr, mathjaxr, mockr, pak, Rcpp, remotes,
rstudioapi, testthat (>= 3.1.0)",NA,"GPL-3",NA,NA,NA,NA,"no","4.2.3"
"plyr","plyr","C:/Users/JR13/Documents/LOCAL_NOT_ONEDRIVE/GA_MSE_HR/renv/library/R-4.2/x86_64-w64-mingw32","1.8.9",NA,"R (>= 3.1.0)","Rcpp (>= 0.11.0)","Rcpp","abind, covr, doParallel, foreach, iterators, itertools,
tcltk, testthat",NA,"MIT + file LICENSE",NA,NA,NA,NA,"yes","4.2.2"
"polynom","polynom","C:/Users/JR13/Documents/LOCAL_NOT_ONEDRIVE/GA_MSE_HR/renv/library/R-4.2/x86_64-w64-mingw32","1.4-1",NA,NA,"stats, graphics",NA,"knitr, rmarkdown",NA,"GPL-2",NA,NA,NA,NA,"no","4.2.3"
"praise","praise","C:/Users/JR13/Documents/LOCAL_NOT_ONEDRIVE/GA_MSE_HR/renv/library/R-4.2/x86_64-w64-mingw32","1.0.0",NA,NA,NA,NA,"testthat",NA,"MIT + file LICENSE",NA,NA,NA,NA,"no","4.2.3"
"prettyunits","prettyunits","C:/Users/JR13/Documents/LOCAL_NOT_ONEDRIVE/GA_MSE_HR/renv/library/R-4.2/x86_64-w64-mingw32","1.2.0",NA,"R(>= 2.10)",NA,NA,"codetools, covr, testthat",NA,"MIT + file LICENSE",NA,NA,NA,NA,"no","4.2.3"
"processx","processx","C:/Users/JR13/Documents/LOCAL_NOT_ONEDRIVE/GA_MSE_HR/renv/library/R-4.2/x86_64-w64-mingw32","3.8.2",NA,"R (>= 3.4.0)","ps (>= 1.2.0), R6, utils",NA,"callr (>= 3.7.3), cli (>= 3.3.0), codetools, covr, curl,
debugme, parallel, rlang (>= 1.0.2), testthat (>= 3.0.0),
webfakes, withr",NA,"MIT + file LICENSE",NA,NA,NA,NA,"yes","4.2.3"
"profvis","profvis","C:/Users/JR13/Documents/LOCAL_NOT_ONEDRIVE/GA_MSE_HR/renv/library/R-4.2/x86_64-w64-mingw32","0.3.8",NA,"R (>= 3.0)","htmlwidgets (>= 0.3.2), purrr, rlang (>= 0.4.9), stringr,
vctrs",NA,"knitr, ggplot2, rmarkdown, testthat (>= 3.0.0), devtools,
shiny, htmltools",NA,"GPL-3 | file LICENSE",NA,NA,NA,NA,"yes","4.2.3"
"progress","progress","C:/Users/JR13/Documents/LOCAL_NOT_ONEDRIVE/GA_MSE_HR/renv/library/R-4.2/x86_64-w64-mingw32","1.2.2",NA,NA,"hms, prettyunits, R6, crayon",NA,"Rcpp, testthat, withr",NA,"MIT + file LICENSE",NA,NA,NA,NA,"no","4.2.3"
"progressr","progressr","C:/Users/JR13/Documents/LOCAL_NOT_ONEDRIVE/GA_MSE_HR/renv/library/R-4.2/x86_64-w64-mingw32","0.14.0",NA,"R (>= 3.5.0)","digest, utils",NA,"graphics, tcltk, beepr, cli, crayon, pbmcapply, progress,
purrr, foreach, plyr, doFuture, future, future.apply, furrr,
RPushbullet, rstudioapi, shiny, commonmark, base64enc, tools",NA,"GPL (>= 3)",NA,NA,NA,NA,"no","4.2.3"
"promises","promises","C:/Users/JR13/Documents/LOCAL_NOT_ONEDRIVE/GA_MSE_HR/renv/library/R-4.2/x86_64-w64-mingw32","1.2.1",NA,NA,"fastmap (>= 1.1.0), later, magrittr (>= 1.5), R6, Rcpp, rlang,
stats","later, Rcpp","future (>= 1.21.0), knitr, purrr, rmarkdown, spelling,
testthat, vembedr",NA,"MIT + file LICENSE",NA,NA,NA,NA,"yes","4.2.3"
"ps","ps","C:/Users/JR13/Documents/LOCAL_NOT_ONEDRIVE/GA_MSE_HR/renv/library/R-4.2/x86_64-w64-mingw32","1.7.5",NA,"R (>= 3.4)","utils",NA,"callr, covr, curl, pillar, pingr, processx (>= 3.1.0), R6,
rlang, testthat (>= 3.0.0), webfakes",NA,"MIT + file LICENSE",NA,NA,NA,NA,"yes","4.2.3"
"purrr","purrr","C:/Users/JR13/Documents/LOCAL_NOT_ONEDRIVE/GA_MSE_HR/renv/library/R-4.2/x86_64-w64-mingw32","1.0.1",NA,"R (>= 3.4.0)","cli (>= 3.4.0), lifecycle (>= 1.0.3), magrittr (>= 1.5.0),
rlang (>= 0.4.10), vctrs (>= 0.5.0)","cli","covr, dplyr (>= 0.7.8), httr, knitr, lubridate, rmarkdown,
testthat (>= 3.0.0), tibble, tidyselect",NA,"MIT + file LICENSE",NA,NA,NA,NA,"yes","4.2.3"
"quantreg","quantreg","C:/Users/JR13/Documents/LOCAL_NOT_ONEDRIVE/GA_MSE_HR/renv/library/R-4.2/x86_64-w64-mingw32","5.97",NA,"R (>= 3.5), stats, SparseM","methods, graphics, Matrix, MatrixModels, survival, MASS",NA,"interp, rgl, logspline, nor1mix, Formula, zoo, R.rsp, conquer",NA,"GPL (>= 2)",NA,NA,NA,NA,"yes","4.2.3"
"R.methodsS3","R.methodsS3","C:/Users/JR13/Documents/LOCAL_NOT_ONEDRIVE/GA_MSE_HR/renv/library/R-4.2/x86_64-w64-mingw32","1.8.2",NA,"R (>= 2.13.0)","utils",NA,"codetools",NA,"LGPL (>= 2.1)",NA,NA,NA,NA,"no","4.2.2"
"R.oo","R.oo","C:/Users/JR13/Documents/LOCAL_NOT_ONEDRIVE/GA_MSE_HR/renv/library/R-4.2/x86_64-w64-mingw32","1.25.0",NA,"R (>= 2.13.0), R.methodsS3 (>= 1.8.1)","methods, utils",NA,"tools",NA,"LGPL (>= 2.1)",NA,NA,NA,NA,"no","4.2.2"
"R.utils","R.utils","C:/Users/JR13/Documents/LOCAL_NOT_ONEDRIVE/GA_MSE_HR/renv/library/R-4.2/x86_64-w64-mingw32","2.12.2",NA,"R (>= 2.14.0), R.oo","methods, utils, tools, R.methodsS3",NA,"datasets, digest (>= 0.6.10)",NA,"LGPL (>= 2.1)",NA,NA,NA,NA,"no","4.2.3"
"R6","R6","C:/Users/JR13/Documents/LOCAL_NOT_ONEDRIVE/GA_MSE_HR/renv/library/R-4.2/x86_64-w64-mingw32","2.5.1",NA,"R (>= 3.0)",NA,NA,"testthat, pryr",NA,"MIT + file LICENSE",NA,NA,NA,NA,"no","4.2.3"
"ragg","ragg","C:/Users/JR13/Documents/LOCAL_NOT_ONEDRIVE/GA_MSE_HR/renv/library/R-4.2/x86_64-w64-mingw32","1.2.6",NA,NA,"systemfonts (>= 1.0.3), textshaping (>= 0.3.0)","systemfonts, textshaping","covr, graphics, grid, testthat (>= 3.0.0)",NA,"MIT + file LICENSE",NA,NA,NA,NA,"yes","4.2.3"
"rappdirs","rappdirs","C:/Users/JR13/Documents/LOCAL_NOT_ONEDRIVE/GA_MSE_HR/renv/library/R-4.2/x86_64-w64-mingw32","0.3.3",NA,"R (>= 3.2)",NA,NA,"roxygen2, testthat (>= 3.0.0), covr, withr",NA,"MIT + file LICENSE",NA,NA,NA,NA,"yes","4.2.3"
"rcmdcheck","rcmdcheck","C:/Users/JR13/Documents/LOCAL_NOT_ONEDRIVE/GA_MSE_HR/renv/library/R-4.2/x86_64-w64-mingw32","1.4.0",NA,NA,"callr (>= 3.1.1.9000), cli (>= 3.0.0), curl, desc (>= 1.2.0),
digest, pkgbuild, prettyunits, R6, rprojroot, sessioninfo (>=
1.1.1), utils, withr, xopen",NA,"covr, knitr, mockery, processx, ps, rmarkdown, svglite,
testthat, webfakes",NA,"MIT + file LICENSE",NA,NA,NA,NA,"no","4.2.3"
"RColorBrewer","RColorBrewer","C:/Users/JR13/Documents/LOCAL_NOT_ONEDRIVE/GA_MSE_HR/renv/library/R-4.2/x86_64-w64-mingw32","1.1-3",NA,"R (>= 2.0.0)",NA,NA,NA,NA,"Apache License 2.0",NA,NA,NA,NA,"no","4.2.0"
"Rcpp","Rcpp","C:/Users/JR13/Documents/LOCAL_NOT_ONEDRIVE/GA_MSE_HR/renv/library/R-4.2/x86_64-w64-mingw32","1.0.10",NA,NA,"methods, utils",NA,"tinytest, inline, rbenchmark, pkgKitten (>= 0.1.2)",NA,"GPL (>= 2)",NA,NA,NA,NA,"yes","4.2.3"
"RcppArmadillo","RcppArmadillo","C:/Users/JR13/Documents/LOCAL_NOT_ONEDRIVE/GA_MSE_HR/renv/library/R-4.2/x86_64-w64-mingw32","0.12.4.1.0",NA,"R (>= 3.3.0)","Rcpp (>= 0.11.0), stats, utils, methods","Rcpp","tinytest, Matrix (>= 1.3.0), pkgKitten, reticulate, slam",NA,"GPL (>= 2)",NA,NA,NA,NA,"yes","4.2.2"
"RcppEigen","RcppEigen","C:/Users/JR13/Documents/LOCAL_NOT_ONEDRIVE/GA_MSE_HR/renv/library/R-4.2/x86_64-w64-mingw32","0.3.3.9.3",NA,"R (>= 3.6.0)","Matrix (>= 1.1-0), Rcpp (>= 0.11.0), stats, utils","Rcpp","inline, tinytest, pkgKitten, microbenchmark",NA,"GPL (>= 2) | file LICENSE",NA,NA,NA,NA,"yes","4.2.3"
"rematch2","rematch2","C:/Users/JR13/Documents/LOCAL_NOT_ONEDRIVE/GA_MSE_HR/renv/library/R-4.2/x86_64-w64-mingw32","2.1.2",NA,NA,"tibble",NA,"covr, testthat",NA,"MIT + file LICENSE",NA,NA,NA,NA,"no","4.2.3"
"remotes","remotes","C:/Users/JR13/Documents/LOCAL_NOT_ONEDRIVE/GA_MSE_HR/renv/library/R-4.2/x86_64-w64-mingw32","2.4.2.1",NA,"R (>= 3.0.0)","methods, stats, tools, utils",NA,"brew, callr, codetools, curl, covr, git2r (>= 0.23.0), knitr,
mockery, pkgbuild (>= 1.0.1), pingr, rmarkdown, rprojroot,
testthat, webfakes, withr",NA,"MIT + file LICENSE",NA,NA,NA,NA,"no","4.2.3"
"renv","renv","C:/Users/JR13/Documents/LOCAL_NOT_ONEDRIVE/GA_MSE_HR/renv/library/R-4.2/x86_64-w64-mingw32","0.17.3",NA,NA,"utils",NA,"BiocManager, cli, covr, devtools, jsonlite, knitr, miniUI,
packrat, pak, R6, remotes, reticulate, rmarkdown, rstudioapi,
shiny, testthat, uuid, yaml",NA,"MIT + file LICENSE",NA,NA,NA,NA,"no","4.2.3"
"reshape","reshape","C:/Users/JR13/Documents/LOCAL_NOT_ONEDRIVE/GA_MSE_HR/renv/library/R-4.2/x86_64-w64-mingw32","0.8.9",NA,"R (>= 2.6.1)","plyr",NA,NA,NA,"MIT + file LICENSE",NA,NA,NA,NA,"yes","4.2.3"
"rlang","rlang","C:/Users/JR13/Documents/LOCAL_NOT_ONEDRIVE/GA_MSE_HR/renv/library/R-4.2/x86_64-w64-mingw32","1.1.1",NA,"R (>= 3.5.0)","utils",NA,"cli (>= 3.1.0), covr, crayon, fs, glue, knitr, magrittr,
methods, pillar, rmarkdown, stats, testthat (>= 3.0.0), tibble,
usethis, vctrs (>= 0.2.3), withr","winch","MIT + file LICENSE",NA,NA,NA,NA,"yes","4.2.3"
"rmarkdown","rmarkdown","C:/Users/JR13/Documents/LOCAL_NOT_ONEDRIVE/GA_MSE_HR/renv/library/R-4.2/x86_64-w64-mingw32","2.22",NA,"R (>= 3.0)","bslib (>= 0.2.5.1), evaluate (>= 0.13), fontawesome (>=
0.5.0), htmltools (>= 0.5.1), jquerylib, jsonlite, knitr (>=
1.22), methods, stringr (>= 1.2.0), tinytex (>= 0.31), tools,
utils, xfun (>= 0.36), yaml (>= 2.1.19)",NA,"digest, dygraphs, fs, rsconnect, downlit (>= 0.4.0), katex
(>= 1.4.0), sass (>= 0.4.0), shiny (>= 1.6.0), testthat (>=
3.0.3), tibble, vctrs, withr (>= 2.4.2)",NA,"GPL-3",NA,NA,NA,NA,"no","4.2.3"
"Rmpi","Rmpi","C:/Users/JR13/Documents/LOCAL_NOT_ONEDRIVE/GA_MSE_HR/renv/library/R-4.2/x86_64-w64-mingw32","0.7-1",NA,"R (>= 2.15.1)","parallel",NA,NA,NA,"GPL (>= 2)",NA,NA,NA,NA,"yes","4.2.3"
"rngtools","rngtools","C:/Users/JR13/Documents/LOCAL_NOT_ONEDRIVE/GA_MSE_HR/renv/library/R-4.2/x86_64-w64-mingw32","1.5.2",NA,"R (>= 3.2.0), methods","digest, utils, stats, parallel",NA,"covr, RUnit, testthat",NA,"GPL-3",NA,NA,NA,NA,"no","4.2.3"
"roxygen2","roxygen2","C:/Users/JR13/Documents/LOCAL_NOT_ONEDRIVE/GA_MSE_HR/renv/library/R-4.2/x86_64-w64-mingw32","7.2.3",NA,"R (>= 3.3)","brew, cli (>= 3.3.0), commonmark, desc (>= 1.2.0), knitr,
methods, pkgload (>= 1.0.2), purrr (>= 0.3.3), R6 (>= 2.1.2),
rlang (>= 1.0.6), stringi, stringr (>= 1.0.0), utils, withr,
xml2","cpp11","covr, R.methodsS3, R.oo, rmarkdown (>= 2.16), testthat (>=
3.1.2), yaml",NA,"MIT + file LICENSE",NA,NA,NA,NA,"yes","4.2.3"
"rprojroot","rprojroot","C:/Users/JR13/Documents/LOCAL_NOT_ONEDRIVE/GA_MSE_HR/renv/library/R-4.2/x86_64-w64-mingw32","2.0.3",NA,"R (>= 3.0.0)",NA,NA,"covr, knitr, lifecycle, mockr, rmarkdown, testthat (>=
3.0.0), withr",NA,"MIT + file LICENSE",NA,NA,NA,NA,"no","4.2.3"
"rstatix","rstatix","C:/Users/JR13/Documents/LOCAL_NOT_ONEDRIVE/GA_MSE_HR/renv/library/R-4.2/x86_64-w64-mingw32","0.7.2",NA,"R (>= 3.3.0)","stats, utils, tidyr (>= 1.0.0), purrr, broom (>= 0.7.4), rlang
(>= 0.3.1), tibble (>= 2.1.3), dplyr (>= 0.7.1), magrittr,
corrplot, tidyselect (>= 1.2.0), car, generics (>= 0.0.2)",NA,"knitr, rmarkdown, ggpubr, graphics, emmeans, coin, boot,
testthat, spelling",NA,"GPL-2",NA,NA,NA,NA,"no","4.2.3"
"rstudioapi","rstudioapi","C:/Users/JR13/Documents/LOCAL_NOT_ONEDRIVE/GA_MSE_HR/renv/library/R-4.2/x86_64-w64-mingw32","0.15.0",NA,NA,NA,NA,"testthat, knitr, rmarkdown, clipr, covr",NA,"MIT + file LICENSE",NA,NA,NA,NA,"no","4.2.3"
"rversions","rversions","C:/Users/JR13/Documents/LOCAL_NOT_ONEDRIVE/GA_MSE_HR/renv/library/R-4.2/x86_64-w64-mingw32","2.1.2",NA,NA,"curl, utils, xml2 (>= 1.0.0)",NA,"covr, mockery, testthat",NA,"MIT + file LICENSE",NA,NA,NA,NA,"no","4.2.3"
"sass","sass","C:/Users/JR13/Documents/LOCAL_NOT_ONEDRIVE/GA_MSE_HR/renv/library/R-4.2/x86_64-w64-mingw32","0.4.6",NA,NA,"fs, rlang (>= 0.4.10), htmltools (>= 0.5.1), R6, rappdirs",NA,"testthat, knitr, rmarkdown, withr, shiny, curl",NA,"MIT + file LICENSE",NA,NA,NA,NA,"yes","4.2.3"
"scales","scales","C:/Users/JR13/Documents/LOCAL_NOT_ONEDRIVE/GA_MSE_HR/renv/library/R-4.2/x86_64-w64-mingw32","1.2.1",NA,"R (>= 3.2)","farver (>= 2.0.3), labeling, lifecycle, munsell (>= 0.5), R6,
RColorBrewer, rlang (>= 1.0.0), viridisLite",NA,"bit64, covr, dichromat, ggplot2, hms (>= 0.5.0), stringi,
testthat (>= 3.0.0), waldo (>= 0.4.0)",NA,"MIT + file LICENSE",NA,NA,NA,NA,"no","4.2.3"
"sessioninfo","sessioninfo","C:/Users/JR13/Documents/LOCAL_NOT_ONEDRIVE/GA_MSE_HR/renv/library/R-4.2/x86_64-w64-mingw32","1.2.2",NA,"R (>= 2.10)","cli (>= 3.1.0), tools, utils",NA,"callr, covr, mockery, reticulate, rmarkdown, testthat, withr",NA,"GPL-2",NA,NA,NA,NA,"no","4.2.3"
"shiny","shiny","C:/Users/JR13/Documents/LOCAL_NOT_ONEDRIVE/GA_MSE_HR/renv/library/R-4.2/x86_64-w64-mingw32","1.7.5.1",NA,"R (>= 3.0.2), methods","utils, grDevices, httpuv (>= 1.5.2), mime (>= 0.3), jsonlite
(>= 0.9.16), xtable, fontawesome (>= 0.4.0), htmltools (>=
0.5.4), R6 (>= 2.0), sourcetools, later (>= 1.0.0), promises
(>= 1.1.0), tools, crayon, rlang (>= 0.4.10), fastmap (>=
1.1.1), withr, commonmark (>= 1.7), glue (>= 1.3.2), bslib (>=
0.3.0), cachem, ellipsis, lifecycle (>= 0.2.0)",NA,"datasets, Cairo (>= 1.5-5), testthat (>= 3.0.0), knitr (>=
1.6), markdown, rmarkdown, ggplot2, reactlog (>= 1.0.0),
magrittr, yaml, future, dygraphs, ragg, showtext, sass",NA,"GPL-3 | file LICENSE",NA,NA,NA,NA,"no","4.2.3"
"sourcetools","sourcetools","C:/Users/JR13/Documents/LOCAL_NOT_ONEDRIVE/GA_MSE_HR/renv/library/R-4.2/x86_64-w64-mingw32","0.1.7-1",NA,"R (>= 3.0.2)",NA,NA,"testthat",NA,"MIT + file LICENSE",NA,NA,NA,NA,"yes","4.2.3"
"sp","sp","C:/Users/JR13/Documents/LOCAL_NOT_ONEDRIVE/GA_MSE_HR/renv/library/R-4.2/x86_64-w64-mingw32","2.0-0",NA,"R (>= 3.2.0), methods","utils, stats, graphics, grDevices, lattice, grid",NA,"RColorBrewer, rgdal (>= 1.2-3), rgeos (>= 0.3-13), gstat,
maptools, deldir, knitr, rmarkdown, sf, terra, raster",NA,"GPL (>= 2)",NA,NA,NA,NA,"yes","4.2.3"
"SparseM","SparseM","C:/Users/JR13/Documents/LOCAL_NOT_ONEDRIVE/GA_MSE_HR/renv/library/R-4.2/x86_64-w64-mingw32","1.81",NA,"R (>= 2.15), methods","graphics, stats, utils",NA,NA,NA,"GPL (>= 2)",NA,NA,NA,NA,"yes","4.2.0"
"stringi","stringi","C:/Users/JR13/Documents/LOCAL_NOT_ONEDRIVE/GA_MSE_HR/renv/library/R-4.2/x86_64-w64-mingw32","1.7.12",NA,"R (>= 3.1)","tools, utils, stats",NA,NA,NA,"file LICENSE","yes",NA,NA,NA,"yes","4.2.2"
"stringr","stringr","C:/Users/JR13/Documents/LOCAL_NOT_ONEDRIVE/GA_MSE_HR/renv/library/R-4.2/x86_64-w64-mingw32","1.5.0",NA,"R (>= 3.3)","cli, glue (>= 1.6.1), lifecycle (>= 1.0.3), magrittr, rlang
(>= 1.0.0), stringi (>= 1.5.3), vctrs",NA,"covr, htmltools, htmlwidgets, knitr, rmarkdown, testthat (>=
3.0.0)",NA,"MIT + file LICENSE",NA,NA,NA,NA,"no","4.2.3"
"sys","sys","C:/Users/JR13/Documents/LOCAL_NOT_ONEDRIVE/GA_MSE_HR/renv/library/R-4.2/x86_64-w64-mingw32","3.4.2",NA,NA,NA,NA,"unix (>= 1.4), spelling, testthat",NA,"MIT + file LICENSE",NA,NA,NA,NA,"yes","4.2.3"
"systemfonts","systemfonts","C:/Users/JR13/Documents/LOCAL_NOT_ONEDRIVE/GA_MSE_HR/renv/library/R-4.2/x86_64-w64-mingw32","1.0.5",NA,"R (>= 3.2.0)",NA,"cpp11 (>= 0.2.1)","covr, knitr, rmarkdown, testthat (>= 2.1.0), tools",NA,"MIT + file LICENSE",NA,NA,NA,NA,"yes","4.2.3"
"testthat","testthat","C:/Users/JR13/Documents/LOCAL_NOT_ONEDRIVE/GA_MSE_HR/renv/library/R-4.2/x86_64-w64-mingw32","3.1.10",NA,"R (>= 3.1)","brio, callr (>= 3.5.1), cli (>= 3.4.0), desc, digest, ellipsis
(>= 0.2.0), evaluate, jsonlite, lifecycle, magrittr, methods,
pkgload (>= 1.3.0), praise, processx (>= 3.8.2), ps (>= 1.3.4),
R6 (>= 2.2.0), rlang (>= 1.1.0), utils, waldo (>= 0.5.0), withr
(>= 2.4.3)",NA,"covr, curl (>= 0.9.5), diffviewer (>= 0.1.0), knitr,
rmarkdown, rstudioapi, shiny, usethis, vctrs (>= 0.1.0), xml2",NA,"MIT + file LICENSE",NA,NA,NA,NA,"yes","4.2.3"
"textshaping","textshaping","C:/Users/JR13/Documents/LOCAL_NOT_ONEDRIVE/GA_MSE_HR/renv/library/R-4.2/x86_64-w64-mingw32","0.3.7",NA,"R (>= 3.2.0)","systemfonts (>= 1.0.0)","cpp11 (>= 0.2.1), systemfonts (>= 1.0.0)","covr, knitr, rmarkdown",NA,"MIT + file LICENSE",NA,NA,NA,NA,"yes","4.2.3"
"tibble","tibble","C:/Users/JR13/Documents/LOCAL_NOT_ONEDRIVE/GA_MSE_HR/renv/library/R-4.2/x86_64-w64-mingw32","3.2.1",NA,"R (>= 3.4.0)","fansi (>= 0.4.0), lifecycle (>= 1.0.0), magrittr, methods,
pillar (>= 1.8.1), pkgconfig, rlang (>= 1.0.2), utils, vctrs
(>= 0.4.2)",NA,"bench, bit64, blob, brio, callr, cli, covr, crayon (>=
1.3.4), DiagrammeR, dplyr, evaluate, formattable, ggplot2,
here, hms, htmltools, knitr, lubridate, mockr, nycflights13,
pkgbuild, pkgload, purrr, rmarkdown, stringi, testthat (>=
3.0.2), tidyr, withr",NA,"MIT + file LICENSE",NA,NA,NA,NA,"yes","4.2.3"
"tidyr","tidyr","C:/Users/JR13/Documents/LOCAL_NOT_ONEDRIVE/GA_MSE_HR/renv/library/R-4.2/x86_64-w64-mingw32","1.3.0",NA,"R (>= 3.4.0)","cli (>= 3.4.1), dplyr (>= 1.0.10), glue, lifecycle (>= 1.0.3),
magrittr, purrr (>= 1.0.1), rlang (>= 1.0.4), stringr (>=
1.5.0), tibble (>= 2.1.1), tidyselect (>= 1.2.0), utils, vctrs
(>= 0.5.2)","cpp11 (>= 0.4.0)","covr, data.table, knitr, readr, repurrrsive (>= 1.1.0),
rmarkdown, testthat (>= 3.0.0)",NA,"MIT + file LICENSE",NA,NA,NA,NA,"yes","4.2.3"
"tidyselect","tidyselect","C:/Users/JR13/Documents/LOCAL_NOT_ONEDRIVE/GA_MSE_HR/renv/library/R-4.2/x86_64-w64-mingw32","1.2.0",NA,"R (>= 3.4)","cli (>= 3.3.0), glue (>= 1.3.0), lifecycle (>= 1.0.3), rlang
(>= 1.0.4), vctrs (>= 0.4.1), withr",NA,"covr, crayon, dplyr, knitr, magrittr, rmarkdown, stringr,
testthat (>= 3.1.1), tibble (>= 2.1.3)",NA,"MIT + file LICENSE",NA,NA,NA,NA,"no","4.2.3"
"tinytex","tinytex","C:/Users/JR13/Documents/LOCAL_NOT_ONEDRIVE/GA_MSE_HR/renv/library/R-4.2/x86_64-w64-mingw32","0.45",NA,NA,"xfun (>= 0.29)",NA,"testit, rstudioapi",NA,"MIT + file LICENSE",NA,NA,NA,NA,"no","4.2.3"
"urlchecker","urlchecker","C:/Users/JR13/Documents/LOCAL_NOT_ONEDRIVE/GA_MSE_HR/renv/library/R-4.2/x86_64-w64-mingw32","1.0.1",NA,"R (>= 3.3)","cli, curl, tools, xml2",NA,"covr",NA,"GPL-3",NA,NA,NA,NA,"no","4.2.3"
"usethis","usethis","C:/Users/JR13/Documents/LOCAL_NOT_ONEDRIVE/GA_MSE_HR/renv/library/R-4.2/x86_64-w64-mingw32","2.2.2",NA,"R (>= 3.6)","cli (>= 3.0.1), clipr (>= 0.3.0), crayon, curl (>= 2.7), desc
(>= 1.4.2), fs (>= 1.3.0), gert (>= 1.4.1), gh (>= 1.2.1), glue
(>= 1.3.0), jsonlite, lifecycle (>= 1.0.0), purrr, rappdirs,
rlang (>= 1.1.0), rprojroot (>= 1.2), rstudioapi, stats, utils,
whisker, withr (>= 2.3.0), yaml",NA,"covr, knitr, magick, pkgload, rmarkdown, roxygen2 (>= 7.1.2),
spelling (>= 1.2), styler (>= 1.2.0), testthat (>= 3.1.8)",NA,"MIT + file LICENSE",NA,NA,NA,NA,"no","4.2.3"
"utf8","utf8","C:/Users/JR13/Documents/LOCAL_NOT_ONEDRIVE/GA_MSE_HR/renv/library/R-4.2/x86_64-w64-mingw32","1.2.3",NA,"R (>= 2.10)",NA,NA,"cli, covr, knitr, rlang, rmarkdown, testthat (>= 3.0.0),
withr",NA,"Apache License (== 2.0) | file LICENSE",NA,NA,NA,NA,"yes","4.2.3"
"vctrs","vctrs","C:/Users/JR13/Documents/LOCAL_NOT_ONEDRIVE/GA_MSE_HR/renv/library/R-4.2/x86_64-w64-mingw32","0.6.3",NA,"R (>= 3.5.0)","cli (>= 3.4.0), glue, lifecycle (>= 1.0.3), rlang (>= 1.1.0)",NA,"bit64, covr, crayon, dplyr (>= 0.8.5), generics, knitr,
pillar (>= 1.4.4), pkgdown (>= 2.0.1), rmarkdown, testthat (>=
3.0.0), tibble (>= 3.1.3), waldo (>= 0.2.0), withr, xml2,
zeallot",NA,"MIT + file LICENSE",NA,NA,NA,NA,"yes","4.2.3"
"viridisLite","viridisLite","C:/Users/JR13/Documents/LOCAL_NOT_ONEDRIVE/GA_MSE_HR/renv/library/R-4.2/x86_64-w64-mingw32","0.4.2",NA,"R (>= 2.10)",NA,NA,"hexbin (>= 1.27.0), ggplot2 (>= 1.0.1), testthat, covr",NA,"MIT + file LICENSE",NA,NA,NA,NA,"no","4.2.3"
"waldo","waldo","C:/Users/JR13/Documents/LOCAL_NOT_ONEDRIVE/GA_MSE_HR/renv/library/R-4.2/x86_64-w64-mingw32","0.5.1",NA,NA,"cli, diffobj (>= 0.3.4), fansi, glue, methods, rematch2, rlang
(>= 1.0.0), tibble",NA,"covr, R6, testthat (>= 3.0.0), withr, xml2",NA,"MIT + file LICENSE",NA,NA,NA,NA,"no","4.2.3"
"whisker","whisker","C:/Users/JR13/Documents/LOCAL_NOT_ONEDRIVE/GA_MSE_HR/renv/library/R-4.2/x86_64-w64-mingw32","0.4.1",NA,NA,NA,NA,"markdown",NA,"GPL-3",NA,NA,NA,NA,"no","4.2.3"
"withr","withr","C:/Users/JR13/Documents/LOCAL_NOT_ONEDRIVE/GA_MSE_HR/renv/library/R-4.2/x86_64-w64-mingw32","2.5.0",NA,"R (>= 3.2.0)","graphics, grDevices, stats",NA,"callr, covr, DBI, knitr, lattice, methods, rlang, rmarkdown
(>= 2.12), RSQLite, testthat (>= 3.0.0)",NA,"MIT + file LICENSE",NA,NA,NA,NA,"no","4.2.3"
"xfun","xfun","C:/Users/JR13/Documents/LOCAL_NOT_ONEDRIVE/GA_MSE_HR/renv/library/R-4.2/x86_64-w64-mingw32","0.39",NA,NA,"stats, tools",NA,"testit, parallel, codetools, rstudioapi, tinytex (>= 0.30),
mime, markdown (>= 1.5), knitr (>= 1.42), htmltools, remotes,
pak, rhub, renv, curl, jsonlite, magick, yaml, rmarkdown",NA,"MIT + file LICENSE",NA,NA,NA,NA,"yes","4.2.3"
"xml2","xml2","C:/Users/JR13/Documents/LOCAL_NOT_ONEDRIVE/GA_MSE_HR/renv/library/R-4.2/x86_64-w64-mingw32","1.3.5",NA,"R (>= 3.1.0)","methods",NA,"covr, curl, httr, knitr, magrittr, mockery, rmarkdown,
testthat (>= 2.1.0)",NA,"MIT + file LICENSE",NA,NA,NA,NA,"yes","4.2.3"
"xopen","xopen","C:/Users/JR13/Documents/LOCAL_NOT_ONEDRIVE/GA_MSE_HR/renv/library/R-4.2/x86_64-w64-mingw32","1.0.0",NA,"R (>= 3.1)","processx",NA,"ps, testthat",NA,"MIT + file LICENSE",NA,NA,NA,NA,"no","4.2.3"
"xtable","xtable","C:/Users/JR13/Documents/LOCAL_NOT_ONEDRIVE/GA_MSE_HR/renv/library/R-4.2/x86_64-w64-mingw32","1.8-4",NA,"R (>= 2.10.0)","stats, utils",NA,"knitr, plm, zoo, survival",NA,"GPL (>= 2)",NA,NA,NA,NA,"no","4.2.3"
"yaml","yaml","C:/Users/JR13/Documents/LOCAL_NOT_ONEDRIVE/GA_MSE_HR/renv/library/R-4.2/x86_64-w64-mingw32","2.3.7",NA,NA,NA,NA,"RUnit",NA,"BSD_3_clause + file LICENSE",NA,NA,NA,NA,"yes","4.2.3"
"zip","zip","C:/Users/JR13/Documents/LOCAL_NOT_ONEDRIVE/GA_MSE_HR/renv/library/R-4.2/x86_64-w64-mingw32","2.3.0",NA,NA,NA,NA,"covr, processx, R6, testthat, withr",NA,"MIT + file LICENSE",NA,NA,NA,NA,"yes","4.2.3"
"base","base","C:/Users/JR13/AppData/Local/R/cache/R/renv/sandbox/R-4.2/x86_64-w64-mingw32/30182023","4.2.2","base",NA,NA,NA,"methods",NA,"Part of R 4.2.2",NA,NA,NA,NA,NA,"4.2.2"
"boot","boot","C:/Users/JR13/AppData/Local/R/cache/R/renv/sandbox/R-4.2/x86_64-w64-mingw32/30182023","1.3-28","recommended","R (>= 3.0.0), graphics, stats",NA,NA,"MASS, survival",NA,"Unlimited",NA,NA,NA,NA,"no","4.2.2"
"class","class","C:/Users/JR13/AppData/Local/R/cache/R/renv/sandbox/R-4.2/x86_64-w64-mingw32/30182023","7.3-20","recommended","R (>= 3.0.0), stats, utils","MASS",NA,NA,NA,"GPL-2 | GPL-3",NA,NA,NA,NA,"yes","4.2.2"
"cluster","cluster","C:/Users/JR13/AppData/Local/R/cache/R/renv/sandbox/R-4.2/x86_64-w64-mingw32/30182023","2.1.4","recommended","R (>= 3.5.0)","graphics, grDevices, stats, utils",NA,"MASS, Matrix",NA,"GPL (>= 2)",NA,NA,NA,NA,"yes","4.2.2"
"codetools.1","codetools","C:/Users/JR13/AppData/Local/R/cache/R/renv/sandbox/R-4.2/x86_64-w64-mingw32/30182023","0.2-18","recommended","R (>= 2.1)",NA,NA,NA,NA,"GPL",NA,NA,NA,NA,"no","4.2.2"
"compiler","compiler","C:/Users/JR13/AppData/Local/R/cache/R/renv/sandbox/R-4.2/x86_64-w64-mingw32/30182023","4.2.2","base",NA,NA,NA,NA,NA,"Part of R 4.2.2",NA,NA,NA,NA,NA,"4.2.2"
"datasets","datasets","C:/Users/JR13/AppData/Local/R/cache/R/renv/sandbox/R-4.2/x86_64-w64-mingw32/30182023","4.2.2","base",NA,NA,NA,NA,NA,"Part of R 4.2.2",NA,NA,NA,NA,NA,"4.2.2"
"foreign","foreign","C:/Users/JR13/AppData/Local/R/cache/R/renv/sandbox/R-4.2/x86_64-w64-mingw32/30182023","0.8-83","recommended","R (>= 4.0.0)","methods, utils, stats",NA,NA,NA,"GPL (>= 2)",NA,NA,NA,NA,"yes","4.2.2"
"graphics","graphics","C:/Users/JR13/AppData/Local/R/cache/R/renv/sandbox/R-4.2/x86_64-w64-mingw32/30182023","4.2.2","base",NA,"grDevices",NA,NA,NA,"Part of R 4.2.2",NA,NA,NA,NA,"yes","4.2.2"
"grDevices","grDevices","C:/Users/JR13/AppData/Local/R/cache/R/renv/sandbox/R-4.2/x86_64-w64-mingw32/30182023","4.2.2","base",NA,NA,NA,"KernSmooth",NA,"Part of R 4.2.2",NA,NA,NA,NA,"yes","4.2.2"
"grid","grid","C:/Users/JR13/AppData/Local/R/cache/R/renv/sandbox/R-4.2/x86_64-w64-mingw32/30182023","4.2.2","base",NA,"grDevices, utils",NA,NA,NA,"Part of R 4.2.2",NA,NA,NA,NA,"yes","4.2.2"
"KernSmooth","KernSmooth","C:/Users/JR13/AppData/Local/R/cache/R/renv/sandbox/R-4.2/x86_64-w64-mingw32/30182023","2.23-20","recommended","R (>= 2.5.0), stats",NA,NA,"MASS, carData",NA,"Unlimited",NA,NA,NA,NA,"yes","4.2.2"
"lattice.1","lattice","C:/Users/JR13/AppData/Local/R/cache/R/renv/sandbox/R-4.2/x86_64-w64-mingw32/30182023","0.20-45","recommended","R (>= 3.0.0)","grid, grDevices, graphics, stats, utils",NA,"KernSmooth, MASS, latticeExtra","chron","GPL (>= 2)",NA,NA,NA,NA,"yes","4.2.2"
"MASS.1","MASS","C:/Users/JR13/AppData/Local/R/cache/R/renv/sandbox/R-4.2/x86_64-w64-mingw32/30182023","7.3-58.1","recommended","R (>= 3.3.0), grDevices, graphics, stats, utils","methods",NA,"lattice, nlme, nnet, survival",NA,"GPL-2 | GPL-3",NA,NA,NA,NA,"yes","4.2.2"
"Matrix.1","Matrix","C:/Users/JR13/AppData/Local/R/cache/R/renv/sandbox/R-4.2/x86_64-w64-mingw32/30182023","1.5-1","recommended","R (>= 3.5.0)","methods, graphics, grid, stats, utils, lattice",NA,"expm, MASS","MatrixModels, graph, SparseM, sfsmisc, igraph, maptools, sp,
spdep","GPL (>= 2) | file LICENCE",NA,NA,NA,NA,"yes","4.2.2"
"methods","methods","C:/Users/JR13/AppData/Local/R/cache/R/renv/sandbox/R-4.2/x86_64-w64-mingw32/30182023","4.2.2","base",NA,"utils, stats",NA,"codetools",NA,"Part of R 4.2.2",NA,NA,NA,NA,"yes","4.2.2"
"mgcv.1","mgcv","C:/Users/JR13/AppData/Local/R/cache/R/renv/sandbox/R-4.2/x86_64-w64-mingw32/30182023","1.8-41","recommended","R (>= 3.6.0), nlme (>= 3.1-64)","methods, stats, graphics, Matrix, splines, utils",NA,"parallel, survival, MASS",NA,"GPL (>= 2)",NA,NA,NA,NA,"yes","4.2.2"
"nlme.1","nlme","C:/Users/JR13/AppData/Local/R/cache/R/renv/sandbox/R-4.2/x86_64-w64-mingw32/30182023","3.1-160","recommended","R (>= 3.5.0)","graphics, stats, utils, lattice",NA,"Hmisc, MASS, SASmixed",NA,"GPL (>= 2)",NA,NA,NA,NA,"yes","4.2.2"
"nnet","nnet","C:/Users/JR13/AppData/Local/R/cache/R/renv/sandbox/R-4.2/x86_64-w64-mingw32/30182023","7.3-18","recommended","R (>= 3.0.0), stats, utils",NA,NA,"MASS",NA,"GPL-2 | GPL-3",NA,NA,NA,NA,"yes","4.2.2"
"parallel","parallel","C:/Users/JR13/AppData/Local/R/cache/R/renv/sandbox/R-4.2/x86_64-w64-mingw32/30182023","4.2.2","base",NA,"tools, compiler",NA,"methods","snow, nws, Rmpi","Part of R 4.2.2",NA,NA,NA,NA,"yes","4.2.2"
"rpart","rpart","C:/Users/JR13/AppData/Local/R/cache/R/renv/sandbox/R-4.2/x86_64-w64-mingw32/30182023","4.1.19","recommended","R (>= 2.15.0), graphics, stats, grDevices",NA,NA,"survival",NA,"GPL-2 | GPL-3",NA,NA,NA,NA,"yes","4.2.2"
"spatial","spatial","C:/Users/JR13/AppData/Local/R/cache/R/renv/sandbox/R-4.2/x86_64-w64-mingw32/30182023","7.3-15","recommended","R (>= 3.0.0), graphics, stats, utils",NA,NA,"MASS",NA,"GPL-2 | GPL-3",NA,NA,NA,NA,"yes","4.2.2"
"splines","splines","C:/Users/JR13/AppData/Local/R/cache/R/renv/sandbox/R-4.2/x86_64-w64-mingw32/30182023","4.2.2","base",NA,"graphics, stats",NA,"Matrix, methods",NA,"Part of R 4.2.2",NA,NA,NA,NA,"yes","4.2.2"
"stats","stats","C:/Users/JR13/AppData/Local/R/cache/R/renv/sandbox/R-4.2/x86_64-w64-mingw32/30182023","4.2.2","base",NA,"utils, grDevices, graphics",NA,"MASS, Matrix, SuppDists, methods, stats4",NA,"Part of R 4.2.2",NA,NA,NA,NA,"yes","4.2.2"
"stats4","stats4","C:/Users/JR13/AppData/Local/R/cache/R/renv/sandbox/R-4.2/x86_64-w64-mingw32/30182023","4.2.2","base",NA,"graphics, methods, stats",NA,NA,NA,"Part of R 4.2.2",NA,NA,NA,NA,NA,"4.2.2"
"survival","survival","C:/Users/JR13/AppData/Local/R/cache/R/renv/sandbox/R-4.2/x86_64-w64-mingw32/30182023","3.4-0","recommended","R (>= 3.5.0)","graphics, Matrix, methods, splines, stats, utils",NA,NA,NA,"LGPL (>= 2)",NA,NA,NA,NA,"yes","4.2.2"
"tcltk","tcltk","C:/Users/JR13/AppData/Local/R/cache/R/renv/sandbox/R-4.2/x86_64-w64-mingw32/30182023","4.2.2","base",NA,"utils",NA,NA,NA,"Part of R 4.2.2",NA,NA,NA,NA,"yes","4.2.2"
"tools","tools","C:/Users/JR13/AppData/Local/R/cache/R/renv/sandbox/R-4.2/x86_64-w64-mingw32/30182023","4.2.2","base",NA,NA,NA,"codetools, methods, xml2, curl, commonmark, knitr, xfun,
mathjaxr",NA,"Part of R 4.2.2",NA,NA,NA,NA,"yes","4.2.2"
"utils","utils","C:/Users/JR13/AppData/Local/R/cache/R/renv/sandbox/R-4.2/x86_64-w64-mingw32/30182023","4.2.2","base",NA,NA,NA,"methods, xml2, commonmark, knitr",NA,"Part of R 4.2.2",NA,NA,NA,NA,"yes","4.2.2"
